.. Substitution definitions derived from Shorthand

:orphan:

.. start-content

.. |shorthand~templating| replace:: :ref:`Template Helpers <guides/documenting/shorthand_ext:Usage In Templating>`
.. |shorthand~categories| replace:: :ref:`categories <guides/documenting/shorthand_ext:Categories>`
.. |shorthand~config_var| replace:: :ref:`shorthand_defs config variable <guides/documenting/shorthand_ext:Basic Usage>`
.. |shorthand~conf_var| replace:: :ref:`shorthand_defs config variable <guides/documenting/shorthand_ext:Basic Usage>`
.. |shorthand~config_keys| replace:: :ref:`shorthand_defs config keys <guides/documenting/shorthand_ext:Other Configuration Keys>`
.. |shorthand~multidefs| replace:: :ref:`Using Multiple Shorthand Definitions <guides/documenting/shorthand_ext:Using Multiple Shorthand Definitions>`
.. |shorthand~namespaces| replace:: :ref:`namespaces <guides/documenting/shorthand_ext:Definition Namespaces>`
.. |shorthand~project_namespace| replace:: :ref:`project_namespace <guides/documenting/shorthand_ext:Project Namespace>`
.. |shorthand~basic_usage| replace:: :ref:`Basic Usage <guides/documenting/shorthand_ext:Basic Usage>`
.. |shorthand~api| replace:: :shorthand-link-to:`Shorthand API <shorthand~api>`
.. |shorthand~add_defs| replace:: :shorthand-link-to:`add_defs, <shorthand~add_defs>`
.. |shorthand~anchor_to| replace:: :shorthand-link-to:`anchor_to, <shorthand~anchor_to>`
.. |shorthand~href_to| replace:: :shorthand-link-to:`href_to, <shorthand~href_to>`
.. |shorthand~link_to| replace:: :shorthand-link-to:`link_to, <shorthand~link_to>`
.. |shorthand~categories_var| replace:: :shorthand-link-to:`categories_var, <shorthand~categories_var>`
