.. Substitution definitions derived from Shorthand

:orphan:

.. start-content

.. |core_team| replace:: :origen_core_team:`Origen core team <>`
.. |issues_page| replace:: :origen_issues_home:`Origen issues page <>`
.. |open_a_ticket| replace:: :origen_issues_home:`open a ticket <>`
.. |github_home| replace:: :origen_github_home:`Origen Github project <>`
.. |project_tracker| replace:: :origen_project_tracker:`Origen's project tracker <>`
.. |so_tag| replace:: :origen_so_home:`Origen stack overflow <>`
.. |jinja| replace:: :jinja_home:`jinja <>`
.. |sphinx_app| replace:: :sphinx_app:`Sphinx app <>`
.. |sphinx_ext| replace:: :sphinx_extensions:`sphinx extension <>`
.. |sphinx_exts| replace:: :sphinx_extensions:`sphinx extensions <>`
.. |sphinx_ref| replace:: :sphinx_ref_role:`sphinx :ref: <>`
.. |sphinx_refs| replace:: :sphinx_ref_role:`sphinx references <>`
.. |sphinx_doc| replace:: :sphinx_doc_role:`sphinx :doc: <>`
.. |sphinx_docs| replace:: :sphinx_doc_role:`sphinx docs <>`
.. |sphinx_doc_role| replace:: :sphinx_doc_role:`sphinx :doc: role <>`
.. |sphinx_config_var| replace:: :sphinx_conf:`Sphinx configuration variable <>`
.. |sphinx_conf_var| replace:: :sphinx_conf:`Sphinx configuration variable <>`
.. |sphinx_config_vars| replace:: :sphinx_conf:`Sphinx configuration variables <>`
.. |sphinx_conf_vars| replace:: :sphinx_conf:`Sphinx configuration variables <>`
.. |sphinx_build_cmd| replace:: :sphinx_build_cmd:`sphinx-build command <>`
.. |autosectionlabel| replace:: :autosectionlabel_home:`autosectionlabel <>`
.. |autosectionlabel_prefix_document| replace:: :autosectionlabel_prefix_document_config:`autosectionlabel_prefix_document <>`
.. |inheritance_diagram| replace:: :inheritance_diagram_home:`inheritance diagram <>`
.. |napoleon| replace:: :napoleon_home:`napoleon <>`
.. |extlinks| replace:: :extlinks_home:`extlinks <>`
.. |recommonmark| replace:: :recommonmark_home:`recommonmark <>`
.. |markdown| replace:: :markdown_home:`markdown <>`
.. |rst_subs| replace:: :rst_substitutions:`RST substitutions <>`
.. |rst_include_directive| replace:: :rst_include_directive:`RST include directive <>`
.. |docstrings| replace:: :docstrings_intro:`docstrings <>`
.. |docstring| replace:: :docstrings_intro:`docstring <>`
.. |google_docstring_spec| replace:: :google_docstring_spec:`Google Docstring Spec <>`
.. |numpy_docstring_spec| replace:: :numpy_docstring_spec:`Numpy Docstring Spec <>`
.. |autodoc| replace:: :autodoc_home:`Autodoc <>`
.. |autoapi| replace:: :autoapi_home:`AutoAPI <>`
.. |Autodoc| replace:: :autodoc_home:`Autodoc <>`
.. |Autoapi| replace:: :autoapi_home:`AutoAPI <>`
.. |py_domain| replace:: :sphinx_python_domain:`Sphinx Python Domain <>`
.. |dict| replace:: :python_docs_dict:`dict <>`
.. |dicts| replace:: :python_docs_dict:`dicts <>`
.. |tuple| replace:: :python_docs_tuple:`tuple <>`
.. |tuples| replace:: :python_docs_tuple:`tuples <>`
.. |list| replace:: :python_docs_list:`list <>`
.. |lists| replace:: :python_docs_list:`lists <>`
.. |pathlib.Path| replace:: :python_docs_pathlib:`pathlib.Path <>`
.. |pickle| replace:: :python_docs_pickle:`pickle <>`
.. |marshal| replace:: :python_docs_marshal:`marshal <>`
.. |bytes| replace:: :python_docs_bytes:`bytes <>`
.. |src_code:origen_init| replace:: :origen_core_init_src:`src_code:origen_init <>`
.. |src_code:ose_init| replace:: :origen_core_ose_src:`src_code:ose_init <>`
.. |src_code:guides_root| replace:: :origen_core_guides_root_src:`src_code:guides_root <>`
.. |src_code:origen_app_shorthand_defs| replace:: :origen_app_shorthand_defs_src:`src_code:origen_app_shorthand_defs <>`
.. |src_code:pytester| replace:: :origen_core_pytester_src:`src_code:pytester <>`
.. |src_code:dev_guides_root| replace:: :origen_core_dev_guides_root_src:`src_code:dev_guides_root <>`
.. |src_code:origen.application| replace:: :origen_src_origen.application:`src_code:origen.application <>`
.. |src_code:example_commands| replace:: :origen_src_example_commands:`src_code:example_commands <>`
.. |src_code:core_conf| replace:: :origen_core_guides__conf:`Origen core conf.py <>`
.. |src_code:_conf_dir| replace:: :origen_core_guides__conf_dir_src:`src_code:_conf_dir <>`
.. |ldap:wiki| replace:: :ldap_wiki:`LDAP Wiki <>`
.. |ldap:filters| replace:: :ldap_filters:`filters <>`
.. |ldap:filter| replace:: :ldap_filters:`filters <>`
.. |ldap:invalid_credentials| replace:: :ldap_invalid_credentials:`LDAP invalid credential <>`
.. |ldap:test_server| replace:: :ldap_test_server:`LDAP test server <>`
.. |ldap:tests| replace:: :origen_specs_ldap:`LDAP tests <>`
.. |users:tests| replace:: :origen_specs_users:`users tests <>`
.. |session_store:tests| replace:: :origen_specs_session_store:`session store tests <>`
.. |test_app_origen_config| replace:: :origen_example_config:`Origen's test app config <>`
.. |rust| replace:: :rust_homepage:`rust <>`
.. |Rust| replace:: :rust_homepage:`Rust <>`
.. |cargo_doc| replace:: :rust_cargo_doc:`cargo doc <>`
.. |conf.py| replace:: ``conf.py``
.. |inline_ose| replace:: ``origen sphinx extensions``
.. |dict-like| replace:: ``dict-like``
.. |rustdoc_origen| replace:: :shorthand-link-to:`Rustdoc Origen <rustdoc_origen>`
.. |rustdoc_pyapi| replace:: :shorthand-link-to:`pyapi <rustdoc_pyapi>`
.. |rustdoc_cli| replace:: :shorthand-link-to:`Rustdoc CLI <rustdoc_cli>`
.. |example_application_docs| replace:: :shorthand-link-to:`example application <example_application_docs>`
.. |rust_whoami| replace:: :shorthand-link-to:`whoami <rust_whoami>`
.. |backend_arm_debug_model| replace:: :shorthand-link-to:`backend_arm_debug_model <backend_arm_debug_model>`
.. |default_encryption_key| replace:: :shorthand-link-to:`default encryption key <default_encryption_key>`
.. |default_encryption_nonce| replace:: :shorthand-link-to:`default encryption nonce <default_encryption_nonce>`
.. |origen_app| replace:: :ref:`Origen app <guides/getting_started/the_origen_app:The Origen App>`
.. |origen_plugins| replace:: :ref:`Origen plugins <guides/plugins/introduction:Introduction>`
.. |origen_cli| replace:: :ref:`Origen CLI <guides/getting_started/core_concepts:The Origen CLI>`
.. |timesets| replace:: :ref:`Timesets <guides/device_modeling/timesets:Timesets>`
.. |pins| replace:: :ref:`Pins <guides/device_modeling/pins:Pins>`
.. |bits| replace:: :ref:`Bits <guides/device_modeling/bits_and_registers:Bits>`
.. |registers| replace:: :ref:`Registers <guides/device_modeling/bits_and_registers:Registers>`
.. |logger| replace:: :ref:`logger <guides/runtime/utilities/logger:Logger>`
.. |community_contributions| replace:: :ref:`community contributions <community:Contributing>`
.. |web_output_dir| replace:: :ref:`web output directory <guides/documenting/further_customizing_your_sphinx_app:Application Customizations>`
.. |web_cmd| replace:: :ref:`origen web <guides/documenting/building_your_webpages:Origen Web>`
.. |ose| replace:: :ref:`origen sphinx extension <guides/documenting/the_origen_sphinx_extension:The Origen Sphinx Extension>`
.. |origen-s_sphinx_app| replace:: :ref:`Origen's sphinx app <guides/documenting/your_sphinx_app:Origen's Sphinx App>`
.. |ose_theme| replace:: :ref:`origen theme <guides/documenting/the_origen_sphinx_extension:The Origen Theme>`
.. |ose_theme_opts| replace:: :ref:`origen sphinx extension theme options <guides/documenting/the_origen_sphinx_extension:Origen Theme Options>`
.. |ose_config_vars| replace:: :ref:`origen sphinx extension config variables <guides/documenting/the_origen_sphinx_extension:Configuration Variables>`
.. |ose_favicon| replace:: :ref:`OSE favicon <guides/documenting/the_origen_sphinx_extension:Favicon>`
.. |ose_logos| replace:: :ref:`OSE logos <guides/documenting/the_origen_sphinx_extension:Logos>`
.. |ose_subprojects| replace:: :ref:`OSE SubProjects <guides/documenting/the_origen_sphinx_extension:SubProjects>`
.. |shorthand| replace:: :ref:`Shorthand <guides/documenting/shorthand_ext:The Shorthand Extension>`
.. |prog-gen:comments| replace:: :ref:`prog-gen:comments <guides/testers/program_generation/program_api:Comments>`
.. |pat-gen:comments| replace:: :ref:`pat-gen:comments <guides/testers/pattern_generation/pattern_api:Comments>`
.. |developers:home| replace:: :ref:`developers <guides/developers:Developers>`
.. |developers:doc_gen_arch| replace:: :ref:`documentation generation architecture <guides/developers/doc_gen_arch:Documentation Generation Architecture>`
.. |developers:documenting_the_core| replace:: :ref:`documenting the core <guides/developers/documenting_the_core:Documenting The Core>`
.. |documenting:introduction| replace:: :ref:`Documenting: Introduction <guides/documenting/introduction:Introduction>`
.. |documenting:core_concepts| replace:: :ref:`Documenting: Core Concept <guides/documenting/core_concepts:Core Concepts>`
.. |documenting:block_diagram| replace:: :ref:`block diagram <guides/documenting/core_concepts:Doc System Block Diagram>`
.. |documenting:api_generation| replace:: :ref:`API generation <guides/documenting/your_sphinx_app:Automatic API Generation>`
.. |documenting:origen_included_extensions| replace:: :ref:`Origen included extensions <guides/documenting/your_sphinx_app:Extensions>`
.. |documenting:shorthand| replace:: :ref:`Shorthand <guides/documenting/shorthand_ext:The Shorthand Extension>`
.. |documenting:origen_shorthand_defs| replace:: :ref:`Origen's shorthand defs <guides/documenting/reference:Origen's Shorthand Defs>`
.. |origen_utilities:ldap| replace:: :ref:`Origen's LDAP <guides/utilities:LDAP>`
.. |origen_utilities:session_store| replace:: :ref:`session store <guides/utilities:Session Storage>`
.. |origen_utilities:user_sessions| replace:: :ref:`user's session store <guides/utilities:User Sessions>`
.. |origen_utilities:user_datasets| replace:: :ref:`user datasets <guides/utilities:Datasets>`
.. |origen_utilities:users| replace:: :ref:`users <guides/utilities:Users>`
.. |origen_utilities:password_caching| replace:: :ref:`password caching <guides/utilities:Password Caching>`
.. |origen_utilities:mailer| replace:: :ref:`mailer <guides/utilities:Mailer>`
.. |origen_config| replace:: :ref:`Origen config <guides/getting_started/configuring_your_workspace:Configuring Your Application>`
.. |patgen:comments| replace:: :ref:`patgen:comments <guides/testers/pattern_generation/pattern_api:Comments>`
.. |proggen:comments| replace:: :ref:`proggen:comments <guides/testers/program_generation/program_api:Comments>`
.. |guides| replace:: :shorthand-link-to:`Guides <guides>`
.. |dev_install| replace:: :shorthand-link-to:`development installation guide <dev_install>`
.. |origen_api| replace:: :shorthand-link-to:`Origen API <origen_api>`
.. |_origen_api| replace:: :shorthand-link-to:`_origen API <_origen_api>`
.. |ose_api| replace:: :shorthand-link-to:`Origen Sphinx Extension API <ose_api>`
.. |origen_web_api| replace:: :shorthand-link-to:`origen.web API <origen_web_api>`
.. |documenting:rustdoc| replace:: :shorthand-link-to:`RustDoc <documenting:rustdoc>`
.. |rustdoc_api| replace:: :shorthand-link-to:`RustDoc API <rustdoc_api>`
